<keymap version="1" name="Windows copy" parent="$default">
  <action id="CommentByBlockComment">
    <keyboard-shortcut first-keystroke="ctrl q" />
  </action>
  <action id="CommentByLineComment">
    <keyboard-shortcut first-keystroke="ctrl q" />
  </action>
  <action id="EditorSelectWord" />
  <action id="QuickJavaDoc">
    <mouse-shortcut keystroke="alt button2" />
  </action>
  <action id="ReformatCode">
    <keyboard-shortcut first-keystroke="ctrl alt l" />
    <keyboard-shortcut first-keystroke="ctrl w" />
  </action>
  <action id="SmartSelect" />
  <action id="Vcs.Log.ShowTooltip">
    <mouse-shortcut keystroke="alt button2" />
  </action>
</keymap>